source,author,title,description,url,urlToImage,publishedAt,content
"{'id': None, 'name': '[Removed]'}",,[Removed],[Removed],https://removed.com,,2024-09-17T13:00:22Z,[Removed]
"{'id': None, 'name': 'Gizmodo.com'}",Lucas Ropek,The Postmaster General Is Stoking Election Fears Again,"Like four years ago, the Trump-nominated Trump donor, Louis DeJoy, who also happens to run the USPS, is being accused of screwing with the election.",https://gizmodo.com/the-postmaster-general-is-stoking-election-fears-again-2000501485,https://gizmodo.com/app/uploads/2024/09/Postmaster-General-Louis-DeJoy-Testifying-Before-Congress.jpg,2024-09-20T20:05:21Z,"Ever since he was nominated by Donald Trump’s administration for the top spot at the U.S. Postal Service, Postmaster General Louis DeJoy has been accused of fucking up the mail. Sometimes he has been… [+3814 chars]"
"{'id': 'wired', 'name': 'Wired'}",Jason Parham,The Shade Room Founder Is Ready to Dial Down the Shade,"Angie Nwandu dishes on Diddy, Donald Trump, the responsibility of the Black press, and what it takes to build a lasting media empire.",https://www.wired.com/story/dial-up-angie-nwandu-the-shade-room/,"https://media.wired.com/photos/66ec717e23695b00e7ecb2a5/191:100/w_1280,c_limit/dial-up-Angie-Nwandu-Culture.jpg",2024-09-20T17:49:30Z,"Angie Nwandu launched The Shade Room in 2014 as a side hustle. Today, that side hustlewhich grew from an Instagram-only celebrity tabloid into a media company with a 40-person staffreaches 29 million… [+3156 chars]"
"{'id': 'wired', 'name': 'Wired'}",Alistair Charlton,"Trump's $100,000 Watches Are the Most Tragic Celebrity Watch Yet","Former president Donald Trump wants you to buy gaudy, overpriced timepieces “made for those who combine boldness and elegance.” He got one part right.",https://www.wired.com/story/trumps-dollar100000-watches-are-the-most-tragic-celebrity-watch-yet/,"https://media.wired.com/photos/66f6c5b5c143415d72625aca/191:100/w_1280,c_limit/trump-watches-pol.jpg",2024-09-27T17:48:08Z,"Celebrities partnering with watch brands is nothing new. Sometimes a bona fide watch enthusiast like John Mayer partners with Audemars Piguet, or Ed Sheeran (owner of a unique Patek Philippe, no less… [+2694 chars]"
"{'id': 'wired', 'name': 'Wired'}",Lily Hay Newman,The US Could Finally Ban Inane Forced Password Changes,"Plus: The US Justice Department indicts three Iranians over Trump campaign hack, EU regulators fine Meta $100 million for a password security lapse, and the Tor Project enters a new phase.",https://www.wired.com/story/nist-password-guidance-improvements/,"https://media.wired.com/photos/66f71df9f2d2c6098e413b67/191:100/w_1280,c_limit/Security_Roundup_Password_GettyImages.jpg",2024-09-28T10:30:00Z,"Researchers found a vulnerability in a Kia web portal that allowed them to track millions of cars, unlock doors, honk horns, and even start engines in seconds, just by reading the car's license plate… [+4741 chars]"
"{'id': None, 'name': 'Gizmodo.com'}",Matt Novak,Cat ‘Stolen’ by Haitian Migrants in Ohio Was Actually Just in Cat Owner’s Basement,Donald Trump and JD Vance keep spreading debunked conspiracies.,https://gizmodo.com/cat-stolen-by-haitian-migrants-in-ohio-was-actually-just-in-cat-owners-basement-2000500328,https://gizmodo.com/app/uploads/2024/09/springfield-ohio-cats-immigrants-trump.jpg,2024-09-18T18:45:00Z,"Donald Trump’s presidential campaign has spent the past week spreading heinous lies about Haitian immigrants in the town of Springfield, Ohio. “They’re eating the cats, they’re eating the dogs,” Trum… [+6206 chars]"
"{'id': 'the-verge', 'name': 'The Verge'}",Elizabeth Lopatto,JD Vance sells himself to Silicon Valley,"JD Vance’s appearance on the All-In podcast was useful for both him and his donor, David Sacks. Vance is selling his ticket, and Sacks is flexing his influence. Who benefits?",https://www.theverge.com/2024/9/14/24244137/jd-vance-all-in-david-sacks-trump,https://cdn.vox-cdn.com/thumbor/a5tIZhUww8LKWrK9uvaPfndK0Ew=/0x0:2040x1334/1200x628/filters:focal(1123x602:1124x603)/cdn.vox-cdn.com/uploads/chorus_asset/file/25532395/STK204_JD_VANCE_B.jpg,2024-09-14T12:30:00Z,"JD Vance sells himself to Silicon Valley
JD Vance sells himself to Silicon Valley
 / Always exciting to see a brand collab!
ByElizabeth Lopatto, a reporter who writes about tech, money, and human … [+8840 chars]"
"{'id': 'wired', 'name': 'Wired'}","Andy Greenberg, Lily Hay Newman, Dhruv Mehrotra",Iranian Hackers Tried to Give Hacked Trump Campaign Emails to Dems,"Plus: The FBI dismantles the largest-ever China-backed botnet, the DOJ charges two men with a $243 million crypto theft, Apple’s MacOS Sequoia breaks cybersecurity tools, and more.",https://www.wired.com/story/iran-hackers-trump-democrats-emails/,"https://media.wired.com/photos/66ed82cf42ad37094e1a41eb/191:100/w_1280,c_limit/GettyImages-2172740225.jpg",2024-09-21T10:30:00Z,"The week was dominated by news that thousands of pagers, walkie-talkies and other devices were exploding across Lebanon on Tuesday and Wednesday in an attack targeting the militant group Hezbollah. A… [+6624 chars]"
"{'id': None, 'name': 'Gizmodo.com'}",Lucas Ropek,Elon Musk’s Super PAC Is Reportedly Doing a Terrible Job Running Trump’s Voter Turnout Program,Musk's full-throated support for Trump may turn out to be a gift to Democrats.,https://gizmodo.com/elon-musks-super-pac-is-reportedly-doing-a-terrible-job-running-trumps-voter-turnout-program-2000503894,https://gizmodo.com/app/uploads/2024/09/Elon-Musk-speaks-at-the-Milken-Institutes-Global-Conference.jpg,2024-09-26T20:50:03Z,"Elon Musk has vowed to help Donald Trump secure a second presidency. Not only has he turned the platform formerly known as Twitter into a 24/7 MAGA propaganda apparatus, but he’s also committed huge … [+4331 chars]"
"{'id': None, 'name': 'Gizmodo.com'}",Matt Novak,Why Is Trump Posting So Many AI Cat Pictures,Trump is causing real-world harm to the Haitian community in Ohio.,https://gizmodo.com/why-is-trump-posting-so-many-ai-cat-pictures-2000498293,https://gizmodo.com/app/uploads/2024/09/trump-mouth-agape-getty.jpg,2024-09-13T13:10:31Z,"When Donald Trump said during the presidential debate on Tuesday that Haitian immigrants were eating cats and dogs in Ohio, it was probably the first time most Americans had ever heard such a ridicul… [+6741 chars]"
"{'id': None, 'name': 'Gizmodo.com'}",Lucas Ropek,"Thankfully, Trump Is Still Alive. Unfortunately, So Is His Misguided Crypto Project",Donald Trump officially announced details of his cryptocurrency project during an X space Monday night.,https://gizmodo.com/thankfully-trump-is-still-alive-unfortunately-so-is-his-misguided-crypto-project-2000499496,https://gizmodo.com/app/uploads/2024/09/Donald-Trump-speaks-at-a-campaign-event-in-Tucson-Arizona.jpg,2024-09-17T18:20:21Z,"Donald Trump dodged another bullet this weekend when a second assassination attempt against him was foiled at his golf course in West Palm Beach. In an apparent show of resilience on Monday, Trump ap… [+5933 chars]"
"{'id': None, 'name': 'Gizmodo.com'}",Matt Novak,"Haitian Group Wants Criminal Charges Filed Against Trump, Vance Over Racist Lies on Social Media",A Haitian nonprofit has asked that arrest warrants be issued for Trump and Vance.,https://gizmodo.com/haitian-group-wants-criminal-charges-filed-against-trump-vance-over-racist-lies-on-social-media-2000502730,https://gizmodo.com/app/uploads/2024/09/trump-vance-sept-11-2024.jpg,2024-09-24T17:45:19Z,"Donald Trump and JD Vance have spent weeks spreading lies that Haitian immigrants are eating cats and dogs in Springfield, Ohio. Those idiotic lies have had real consequences for the community, with … [+4330 chars]"
"{'id': None, 'name': 'BBC News'}",,Trump ‘fine-tuning theatrics’ before Harris debate,"The vice-president, meanwhile, is practising how to handle Trump's attacks while trying out lines designed to rattle him.",https://www.bbc.com/news/articles/cdey85yw4npo,https://ichef.bbci.co.uk/news/1024/branded_news/b60c/live/b80db780-6ed9-11ef-b02d-c5f3b724a1ea.jpg,2024-09-09T18:22:16Z,"Watch: Why muted mics wont help Trump or Harris at debate
American Presidential debates arent won on policy.
Ive covered six US presidential elections and have never seen a debate where one candida… [+3439 chars]"
"{'id': None, 'name': 'Gizmodo.com'}",Matt Novak,Conspiracy Theorists Think Alleged Trump Assassin Had Inside Information About His Location,How on Earth did someone guess Trump would be playing golf at a golf course named after him?,https://gizmodo.com/conspiracy-theorists-think-alleged-trump-assassin-had-inside-information-about-his-location-2000499232,https://gizmodo.com/app/uploads/2024/09/trump-golfing-club.jpg,2024-09-16T19:10:42Z,"When news broke Sunday that someone had a gun near the golf course where Donald Trump was playing in Florida, it didn’t take long for the world to discover another potential assassin was probably com… [+10661 chars]"
"{'id': None, 'name': 'Gizmodo.com'}",Matthew Gault,The Market Has Spoken: Trump Lost the Debate,Truth Social shares sank following Trump’s lousy performance and even the gamblers have begun to abandon him.,https://gizmodo.com/the-market-has-spoken-trump-lost-the-debate-2000497451,https://gizmodo.com/app/uploads/2024/09/TrumpStock.jpg,2024-09-11T13:55:02Z,The market didnt like what it heard on Tuesday night as Trump and Kamala Harris faced off on the debate stage for the first time. Shares of the Trump Media &amp; Technology Group slipped more than 14… [+2175 chars]
"{'id': None, 'name': 'Gizmodo.com'}",Matt Novak,Trump Spreads Hurricane Helene Conspiracies as Hundreds Remain Missing,Far-right influencers think Democrats can literally steer hurricanes to Republican-voting regions.,https://gizmodo.com/trump-spreads-hurricane-helene-conspiracies-as-hundreds-remain-missing-2000505112,https://gizmodo.com/app/uploads/2024/09/trump-in-georgia-hurricane.jpg,2024-09-30T19:05:48Z,Donald Trump helped spread a conspiracy theory on Monday that people currently suffering from the devastation of Hurricane Helene are being intentionally ignored because they’re Republican. The forme… [+6259 chars]
"{'id': None, 'name': 'Gizmodo.com'}",Matt Novak,Trump Says He’ll Prosecute Google If He Retakes Power,The former president insists Google is hiding positive news stories about him.,https://gizmodo.com/trump-says-hell-prosecute-google-if-he-retakes-power-2000504499,https://gizmodo.com/app/uploads/2024/09/trump-tie-crooked.jpg,2024-09-27T19:05:27Z,Donald Trump called for the criminal prosecution of Google by the U.S. Justice Department (DOJ) during a flurry of unhinged tweets Friday on his social media platform Truth Social. And in any other p… [+4738 chars]
"{'id': None, 'name': 'BBC News'}",,Trump vows mass deportations from town rocked by 'pet-eating' lies,"Springfield, Ohio, will be where mass deportations begin, Trump says, repeating a debunked claim.",https://www.bbc.com/news/articles/c3wp6q132p2o,https://ichef.bbci.co.uk/news/1024/branded_news/3a73/live/fcde1ff0-7215-11ef-a765-134d8fbb2644.jpg,2024-09-13T22:05:03Z,"Donald Trump has said he will mass deport migrants in a small Ohio town that has been rocked by baseless claims that its Haitian influx are eating pets and park animals.
""We're going to start with S… [+2103 chars]"
"{'id': 'bbc-news', 'name': 'BBC News'}",https://www.facebook.com/bbcnews,The billionaire eyeing a return to the White House,"Long before Donald Trump became US president, he was ""The Donald"", a celebrity and property tycoon.",https://www.bbc.co.uk/news/world-us-canada-35318432,https://ichef.bbci.co.uk/news/1024/branded_news/C3E1/production/_133354105_gettyimages-1440108599.jpg,2024-09-10T16:26:49Z,Trump began the general election facing 91 felony charges across four criminal cases but his strategy of delaying legal cases has largely succeeded. Three cases will now no longer take place before t… [+1289 chars]
"{'id': None, 'name': 'BBC News'}",,Harris goads Trump into flustered debate performance,"The former president couldn't resist his rival's personal digs which threw him off message, writes Anthony Zurcher.",https://www.bbc.com/news/articles/c4gdnl9pg1wo,https://ichef.bbci.co.uk/news/1024/branded_news/4e19/live/c1449c90-6ff3-11ef-8c1a-df523ba43a9a.jpg,2024-09-11T04:00:26Z,"Donald Trump and Kamala Harris met for the first time on the debate stage in Philadelphia on Tuesday night.
They may have shaken hands, but they did not hit it off.
In a fiery 90 minutes, Harris fr… [+4696 chars]"
"{'id': None, 'name': 'Gizmodo.com'}",Matt Novak,Trump-Harris Debate: How to Watch the First Presidential Match-Up,Donald Trump and Kamala Harris go head-to-head in Philadelphia on September 10 at 9 p.m. ET / 6 p.m. PT.,https://gizmodo.com/trump-harris-debate-how-to-watch-the-first-presidential-match-up-2000496284,https://gizmodo.com/app/uploads/2024/09/Untitled6.jpg,2024-09-10T11:00:31Z,Donald Trump and Kamala Harris will square off for their first presidential debate on Tuesday. It’s going to be essential viewing for every American who’s nervous about the upcoming election. And wit… [+5260 chars]
"{'id': None, 'name': 'Gizmodo.com'}",Matt Novak,Trump Supporters Spread Ridiculous Conspiracy Theory Kamala Harris Wore Audio-Enabled Earrings at Debate,"The maker of the earrings joked to Gizmodo that they could make some for Trump but his orange skin tone might be ""challenging.""",https://gizmodo.com/trump-supporters-spread-ridiculous-conspiracy-theory-kamala-harris-wore-audio-enabled-earrings-at-debate-2000497482,https://gizmodo.com/app/uploads/2024/09/donald-trump-goofy-joker-smile-kamala-harris-debate-1.jpg,2024-09-11T16:55:07Z,"Loomer isn’t just some regular internet crackpot either. She was spotted exiting Trump’s plane before the debate in Philadelphia Tuesday. Trump has considered hiring her for a job, according to the N… [+4874 chars]"
"{'id': 'wired', 'name': 'Wired'}",Steven Levy,"Trae Stephens Has Built AI Weapons and Worked for Donald Trump. As He Sees It, Jesus Would Approve","He’s deep in the defense-startup world as a Founders Fund partner and Anduril cofounder. His bunker, though, isn’t fully prepped for the end times.",https://www.wired.com/story/big-interview-trae-stephens-has-built-ai-weapons-and-worked-for-donald-trump-as-he-sees-it-jesus-would-approve/,"https://media.wired.com/photos/66ee0c2c4d957e45347904d7/191:100/w_1280,c_limit/BI_Trae-Stephens-(4).jpg",2024-09-25T10:00:00Z,"When I wrote about Anduril in 2018, the company explicitly said it wouldnt build lethal weapons. Now you are building fighter planes, underwater drones, and other deadly weapons of war. Why did you m… [+3890 chars]"
"{'id': None, 'name': 'BBC News'}",,How apparent assassination attempt unfolded... in 60 seconds,"Donald Trump has been targeted in an alleged assassination attempt, for the second time in a matter of months.",https://www.bbc.com/news/videos/czd11ryq9rjo,https://ichef.bbci.co.uk/news/1024/branded_news/9bc5/live/46899190-73f4-11ef-b02d-c5f3b724a1ea.jpg,2024-09-16T06:33:08Z,"Donald Trump has been targeted in an alleged assassination attempt for the second time in a matter of months. 
The former president was rushed to safety after a suspected gunman was spotted hiding i… [+325 chars]"
"{'id': None, 'name': 'BBC News'}",,Pope urges Catholics to pick 'lesser evil' between Trump and Harris,"The pontiff called the candidates ""against life"", criticising Donald Trump on immigration and Kamala Harris on abortion.",https://www.bbc.com/news/articles/crkdmdg78jgo,https://ichef.bbci.co.uk/news/1024/branded_news/74e9/live/debbcae0-721a-11ef-8c1a-df523ba43a9a.jpg,2024-09-13T21:57:12Z,"Pope Francis has called both major US presidential candidates ""against life"" and advised Catholic voters to choose the ""lesser evil"" when casting their ballots in the November election.
The pontiff … [+2026 chars]"
"{'id': None, 'name': 'Gizmodo.com'}",Matt Novak,The Best Memes About Donald Trump’s Embarrassing Performance at the Debate,"""They're eating the cats. They're eating the dogs.""",https://gizmodo.com/the-best-memes-about-donald-trumps-embarrassing-performance-at-the-debate-2000497596,https://gizmodo.com/app/uploads/2024/09/trump-harris-shake-hands-debate.jpg,2024-09-11T21:01:36Z,"Did you catch the presidential debate Tuesday night? It was pretty embarrassing for Donald Trump, if we’re being completely honest. Kamala Harris was poised, intelligent, and delivered a real vision … [+5991 chars]"
"{'id': None, 'name': 'Gizmodo.com'}",Lucas Ropek,Donald Trump Says Elon Musk Will Lead ‘Government Efficiency’ Task Force,"“I look forward to serving America if the opportunity arises,"" Musk said.",https://gizmodo.com/donald-trump-says-elon-musk-will-lead-government-efficiency-task-force-2000495260,https://gizmodo.com/app/uploads/2024/09/Elon-Musk-meets-at-the-White-House-with-Donald-Trump.jpg,2024-09-05T20:55:10Z,"Donald Trump has made it known that, if elected again, he will create a “government efficiency” commission to audit the federal governmentan idea that was notably spawned by his pal (more recently, f… [+3897 chars]"
"{'id': None, 'name': 'Gizmodo.com'}",Lucas Ropek,"Trump’s Chicago Hotel Killed Thousands of Fish, Court Finds",A judge found that Trump's hotel violated Illinois environmental regulations.,https://gizmodo.com/trumps-chicago-hotel-killed-thousands-of-fish-court-finds-2000498291,https://gizmodo.com/app/uploads/2024/09/Trump-International-Hotel-Tower-in-Chicago.jpg,2024-09-13T13:40:02Z,"Over half a decade after it was originally sued by the Illinois Attorney General, the Trump International Hotel &amp; Tower in Chicago has been found guilty of breaking various local environmental la… [+2507 chars]"
"{'id': None, 'name': 'BBC News'}",,Kamala Harris accepts CNN invitation for TV debate,"Trump has yet to comment on the proposed rematch, but has said previously he wouldn't debate Harris again.",https://www.bbc.com/news/articles/cwyejk91d2qo,https://ichef.bbci.co.uk/news/1024/branded_news/ff65/live/e41aecd0-783e-11ef-a842-dbb5a90b51c3.jpg,2024-09-21T17:53:38Z,"Vice President Kamala Harris has accepted a CNN invitation to a presidential debate on 23 October, just days before the November election. 
It is unlikely that her rival Donald Trump will accept the… [+1992 chars]"
"{'id': None, 'name': '[Removed]'}",,[Removed],[Removed],https://removed.com,,2024-09-18T03:13:21Z,[Removed]
"{'id': None, 'name': 'BBC News'}",,'Left-wing lunatic' and 'a disgrace': How Trump and Harris describe each other,"As both campaigns make claims about inflammatory rhetoric, what do the candidates themselves say about their rival?",https://www.bbc.com/news/articles/cx20np62x88o,https://ichef.bbci.co.uk/news/1024/branded_news/4522/live/d782f940-7762-11ef-b282-4535eb84fe4b.png,2024-09-21T11:16:43Z,"The tenor and tone of the 2024 presidential race has once again become a top issue after Republican nominee Donald Trump was again targeted in what the FBI called an apparent assassination attempt.
… [+5287 chars]"
"{'id': None, 'name': 'BBC News'}",,"Who is Ryan Wesley Routh, suspect in Trump assassination attempt?",He appears to have mixed politics and a history of support for Ukraine - as well as a number of legal issues.,https://www.bbc.com/news/articles/c3611zjjnd2o,https://ichef.bbci.co.uk/news/1024/branded_news/1b41/live/6aab4c70-740e-11ef-a3b7-b33008c79206.jpg,2024-09-16T11:00:37Z,"Ryan Routh at a rally in Mariupol in Ukraine in May 2022
Ryan Wesley Routh has been identified by US media as a suspect following the apparent assassination attempt on US Republican presidential can… [+5930 chars]"
"{'id': None, 'name': 'Gizmodo.com'}",Lucas Ropek,Elon Musk Has a New Excuse for Not Making It to Mars,"The billionaire says that if he doesn't successfully colonize Mars at some point in the next few years, you can blame Kamala Harris.",https://gizmodo.com/elon-musk-has-a-new-excuse-for-not-making-it-to-mars-2000497650,https://gizmodo.com/app/uploads/2024/09/Elon-Musk-at-the-2024-U.S.-Open.jpg,2024-09-11T20:15:45Z,Elon Musk has said a lot of stupid stuff over the years. One of the stupider things he’s said is thatat some point in the next few yearshe is going to help humanity colonize Mars. Besides the fact th… [+2144 chars]
"{'id': None, 'name': 'Gizmodo.com'}",Lucas Ropek,Trump’s New Crypto Project Is Reportedly Saving the Best Loot for Its Founders,"In a thoroughly predictable development, Trump's new crypto project appears to be heavily weighted towards the already wealthy.",https://gizmodo.com/trumps-new-crypto-project-is-reportedly-saving-the-best-loot-for-its-founders-2000494963,https://gizmodo.com/app/uploads/2024/09/Donald-Trump-and-his-sons-stand-with-JD-Vance-at-the-Republican-Convention.jpg,2024-09-05T13:20:07Z,"Donald Trump and his progeny have been touting a new crypto project that they claim will bring newfound economic power to “the people.” However, a new report claims that instead of doing that, it may… [+2334 chars]"
"{'id': None, 'name': 'Gizmodo.com'}",Matt Novak,Taylor Swift Officially Endorses Kamala Harris After Trump’s Debate Meltdown,"Swift signed the post as ""Childless Cat Lady,"" a dig at Donald Trump's running mate JD Vance.",https://gizmodo.com/taylor-swift-officially-endorses-kamala-harris-after-trumps-debate-meltdown-2000497324,https://gizmodo.com/app/uploads/2024/09/Taylor-Swift-at-a-concert-in-England-copy-1.jpeg,2024-09-11T03:29:46Z,Taylor Swift officially endorsed Kamala Harris for president Tuesday night in an Instagram post after months of speculation. The pop star said she was prompted to make her voting preference known aft… [+4732 chars]
"{'id': None, 'name': 'Gizmodo.com'}",Matthew Gault,Iranian Hackers Tried to Tempt Biden’s Campaign With Stolen Trump Info,Hackers have been shopping the information around since the summer when they successfully spear phished a former senior campaign advisor.,https://gizmodo.com/iranian-hackers-tried-to-tempt-bidens-campaign-with-stolen-trump-info-2000500701,https://gizmodo.com/app/uploads/2024/09/GettyImages-2172973156.jpg,2024-09-19T13:35:22Z,"Iranian hackers stole sensitive information from the Trump campaign and shopped it around to the Biden campaign and several media outlets. According to federal investigators, the hackers sent unsolic… [+3454 chars]"
"{'id': None, 'name': 'Gizmodo.com'}",Matt Novak,Journalist Suspended on ‘Free Speech’ Platform X After Publishing Stolen Trump Document,"The leaked document, an internal profile of JD Vance, is painfully boring.",https://gizmodo.com/journalist-suspended-on-free-speech-platform-x-after-publishing-stolen-trump-document-2000503970,https://gizmodo.com/app/uploads/2024/09/jd-vance-weird-hand.jpg,2024-09-26T20:22:16Z,"Ken Klippenstein, a journalist who previously worked at The Intercept before starting his own Substack, published an internal document from Donald Trump’s presidential campaign Thursday. The document… [+5911 chars]"
"{'id': None, 'name': 'Gizmodo.com'}",Lucas Ropek,Trump Promises ‘Very Large Faucet’ Will Funnel Water from Oregon to Los Angeles,"The former President's plan to bring water to the California desert is, like a lot of his promises, a goofy pipe-dream.",https://gizmodo.com/trump-promises-very-large-faucet-will-funnel-water-from-oregon-to-los-angeles-2000504652,https://gizmodo.com/app/uploads/2024/09/Donald-Trump-at-a-campaign-rally-in-Pennsylvania.jpg,2024-09-30T11:00:53Z,"Donald Trump isn’t exactly what you’d call a policy guy. When asked about his positions on various domestic issues, Trump’s typical maneuver is to spit out a bunch of rambling platitudes and then piv… [+3834 chars]"
"{'id': None, 'name': 'Gizmodo.com'}",Matt Novak,Trump Supporters Flood Social Media With Viral Hoax About Migrants Eating Cats and Ducks,Elon Musk helped amplify the far-right lies on his social media platform X.,https://gizmodo.com/trump-supporters-flood-social-media-with-viral-hoax-about-migrants-eating-cats-and-ducks-2000496412,https://gizmodo.com/app/uploads/2024/09/trump-AI-generated-image-duck-cat.jpg,2024-09-09T20:15:59Z,Supporters of Republican presidential candidate Donald Trump flooded the website formerly known as Twitter with images of cats and ducks on Monday. What prompted this sudden love for animals in a com… [+6091 chars]
"{'id': None, 'name': 'Gizmodo.com'}",Lucas Ropek,Microsoft Is Getting Into Bed With Palmer Luckey to Make Super Soldiers,Luckey's Anduril Industries has landed a lucrative new contract with the DoD that will bring automated headsets to America's warrior class.,https://gizmodo.com/microsoft-is-getting-into-bed-with-palmer-luckey-to-make-super-soldiers-2000500977,https://gizmodo.com/app/uploads/2024/09/Palmer-Luckey-during-an-interview-with-Emily-Chang-1.jpg,2024-09-19T20:35:45Z,"Palmer Luckey, the Trump-loving defense contractor who looks increasingly like Kenny Powers, has long been preoccupied with dystopian visions. In addition to warning us all about the future of killer… [+3655 chars]"
"{'id': 'wired', 'name': 'Wired'}",Makena Kelly,Get Your VP Debate Bingo Card Right Here,Vice presidential nominees J.D. Vance and Tim Walz are debating tonight. Let's follow along together!,https://www.wired.com/story/bingo-how-to-watch-vp-walz-vance-debate/,"https://media.wired.com/photos/66f70c288af4eb900c2450f5/191:100/w_1280,c_limit/vp-debate-498125917.jpg",2024-10-01T10:00:00Z,"On Tuesday night, vice presidential nominees J.D. Vance and Tim Walz will debate one another for the first and only time ahead of the November presidential election.
Before becoming an Ohio senator,… [+1908 chars]"
"{'id': None, 'name': 'Gizmodo.com'}",Matt Novak,"How to Watch the Vance-Walz VP Debate, No Cable Required",JD Vance (weird guy) and Tim Walz (the guy who calls him a weird guy) will debate tonight in New York at 9 p.m. ET / 6 p.m. PT.,https://gizmodo.com/how-to-watch-the-vance-walz-vp-debate-no-cable-required-2000505408,https://gizmodo.com/app/uploads/2024/09/vance-walz-debate-getty.jpg,2024-10-01T11:31:51Z,Vice presidential candidates Tim Walz and JD Vance square off Tuesday night in their first and only debate of the 2024 presidential election. While VPs typically don’t swing many voters one way or an… [+6124 chars]
"{'id': None, 'name': 'BBC News'}",,Kamala Harris goes on offensive with 'tough on border' message,"In her first visit to the border since 2021, the Democratic nominee promised ""common-sense solutions"".",https://www.bbc.com/news/articles/ce9jx3zp13mo,https://ichef.bbci.co.uk/news/1024/branded_news/ecf6/live/5b915000-7d45-11ef-b53a-7bf8e64aaf04.jpg,2024-09-28T02:50:27Z,"US Vice-President Kamala Harris has made a rare trip to the US-Mexico border as she seeks to blunt Republican attacks on immigration.
Harris, who last visited the border in 2021, accused Donald Trum… [+5501 chars]"
"{'id': None, 'name': 'Gizmodo.com'}",Matt Novak,Belief That EVs Are Better for the Environment Drops,"Back in 2022, 63% of Americans believed EVs were greener. Now it's 58%.",https://gizmodo.com/belief-that-evs-are-better-for-the-environment-drops-2000502376,https://gizmodo.com/app/uploads/2024/09/tesla-vehicle-charging-pasadena-sept-23-2024.jpg,2024-09-24T15:30:59Z,"The number of Americans who believe electric vehicles are better for the environment than cars that run on fossil fuels has dipped 5% in the past two years, according to a new poll conducted by Ipsos… [+3561 chars]"
"{'id': 'wired', 'name': 'Wired'}",Andrew Couts,Elon Musk Is a National Security Risk,Musk’s now-deleted post questioning why no one has attempted to assassinate Joe Biden and Kamala Harris renews concerns over his work for the US government—and potential to inspire extremist violence.,https://www.wired.com/story/elon-musk-biden-harris-assassination-post-x/,"https://media.wired.com/photos/66e84ccabc1f5da9f6e4d646/191:100/w_1280,c_limit/Security_MuskTweet_GettyImages-2171035708.jpg",2024-09-16T20:55:30Z,"Shortly following reports of an apparent second assassination attempt against Donald Trump, the former US president and 2024 Republican presidential nominee, Elon Musk decided to speak up.
And no on… [+3216 chars]"
"{'id': 'wired', 'name': 'Wired'}",Angela Watercutter,'Transformers One' Isn’t as Silly as It Looks,It’s messages may be on the nose—it’s an animated kids’ movie!—but it also has more perspective than the franchise has exhibited in years.,https://www.wired.com/story/transformers-one-josh-cooley-interview/,"https://media.wired.com/photos/66eca667a714667d1d937ac0/191:100/w_1280,c_limit/Transformers-One-Culture-T1_FP_107_rgb.jpg",2024-09-21T13:00:00Z,"The new animated Transformers movie is ostensibly about the early lives of the characters from Hasbros 1980s toy line, but it also may be about a class uprising and civil rights. I think Transformers… [+2594 chars]"
"{'id': 'business-insider', 'name': 'Business Insider'}",John L. Dorman,Trump uninjured after shots fired near Florida golf course,"""President Trump is safe following gunshots in his vicinity,"" Trump campaign spokesman Steven Cheung said in a statement.",https://www.businessinsider.com/trump-shots-fired-florida-golf-course-2024-9,https://i.insider.com/66e73dddbf0250c2149377b7?width=1200&format=jpeg,2024-09-15T20:19:58Z,"Former President Donald Trump.Scott Olson/Getty Images
<ul><li>Donald Trump was uninjured following shots near his golf course in Florida.</li><li>The Trump campaign announced the ex-president is sa… [+1945 chars]"
"{'id': None, 'name': 'BBC News'}",,US voters weigh in on debate performance,"After the 90 minute debate, people share their thoughts on the candidate performances.",https://www.bbc.com/news/videos/ckg2rxy73gyo,https://ichef.bbci.co.uk/news/1024/branded_news/bce5/live/8f1e0570-7062-11ef-b02d-c5f3b724a1ea.jpg,2024-09-11T17:30:06Z,"During a campaign stop in Virginia, Donald Trump spoke about the anticipated debate occurring on ABC,"
"{'id': 'business-insider', 'name': 'Business Insider'}",Katherine Tangalakis-Lippert,Kamala Harris went right for the jugular and baited Trump about his rally crowd size. Then Trump went off the rails.,Kamala Harris goaded Donald Trump during their debate by saying people leave his rallies early. Trump took the bait and got visibly flustered.,https://www.businessinsider.com/kamala-harris-trolled-donald-trump-about-rally-crowd-size-2024-9,https://i.insider.com/66e0f4daa0ff598b266668f3?width=1200&format=jpeg,2024-09-11T01:59:11Z,"Former President Donald Trump and Vice President Kamala Harris.Screenshot from ABC News
<ul><li>Kamala Harris trolled Donald Trump during their debate, saying people leave his rallies early.</li><li… [+1500 chars]"
"{'id': 'wired', 'name': 'Wired'}",Makena Kelly,Would You Vote From Your Phone?,"Bradley Tusk, who has a new book on the topic, argues that mobile voting could completely change elections.",https://www.wired.com/story/vote-from-mobile-phone/,"https://media.wired.com/photos/66f48ed6606a791779a04c4c/191:100/w_1280,c_limit/Politics-Newsletter-bradley_tusk.jpg",2024-09-26T11:00:00Z,"You complete your ballot. You make sure its what you want and then when you hit submit, two things happen: The ballot itself is encrypted, and you get a tracking number, just like for a FedEx package… [+2676 chars]"
"{'id': None, 'name': 'Gizmodo.com'}",Matt Novak,JD Vance Says NATO Should Only Get Support If Europe Plays Nice With Elon Musk,Finally somebody is sticking up for the wealthiest man in the world.,https://gizmodo.com/jd-vance-says-nato-should-only-get-support-if-europe-plays-nice-with-elon-musk-2000500039,https://gizmodo.com/app/uploads/2024/09/jd-vance-erie.jpg,2024-09-18T11:00:20Z,"JD Vance, vice presidential candidate and generally weird guy, made a recent appearance on the YouTube show of Shawn Ryan where he defended the honor of Elon Musk. Strangely, Vance insisted that if E… [+2973 chars]"
"{'id': None, 'name': 'Gizmodo.com'}",Matthew Gault,RFK Jr. Was Having a ‘Digital and Emotional’ Affair With a New York Magazine Writer,The magazine placed star reporter Olivia Nuzzi on leave pending a review of her work.,https://gizmodo.com/rfk-jr-was-having-a-digital-and-emotional-affair-with-a-new-york-magazine-writer-2000501306,https://gizmodo.com/app/uploads/2024/09/RFKJrRally.jpg,2024-09-20T14:00:25Z,One of Americas premier magazine writers has been placed on leave following the news that she had a romantic relationship with Robert F. Kennedy Jr. while he was running for president and while she w… [+3051 chars]
"{'id': None, 'name': 'NPR'}",Franco Ordoñez,Trump points to Hungary's Viktor Orbán as example of his support from foreign leaders,Former President Donald Trump cited his close ties to Hungarian Prime Minister Viktor Orbán to counter attacks by Vice President Harris in Tuesday night's presidential debate that world leaders are “laughing” at Trump.,https://www.npr.org/2024/09/10/nx-s1-5107967/viktor-orban-hungary-donald-trump-presidential-debate,https://npr.brightspotcdn.com/dims3/default/strip/false/crop/3457x1945+0+0/resize/1400/quality/100/format/jpeg/?url=http%3A%2F%2Fnpr-brightspot.s3.amazonaws.com%2F2e%2Ff0%2Fa9205c9242a0b829e2c3860d1193%2Fgettyimages-1148899659.jpg,2024-09-11T02:48:16Z,"This story first appeared in NPR's live blog of the presidential debate between Kamala Harris and Donald Trump. Follow along for live updates, fact checks and analysis.
Former President Donald Trump… [+1821 chars]"
"{'id': None, 'name': 'NPR'}",Brittney Melton,2nd apparent assassination attempt on Trump: Everything we know so far,The FBI is investigating a second apparent assassination attempt of former President Donald Trump Sunday. The gunman was about 300 to 500 yards from Trump with an AK-style rifle with scope.,https://www.npr.org/2024/09/16/g-s1-23232/up-first-newsletter-second-apparent-assassination-attempt-trump-emmy-awards-recap,https://npr.brightspotcdn.com/dims3/default/strip/false/crop/3807x2141+0+0/resize/1400/quality/100/format/jpeg/?url=http%3A%2F%2Fnpr-brightspot.s3.amazonaws.com%2Fdd%2F1f%2Fe24c2a764a8c8927ad563ee31d48%2Fap24258767849701.jpg,2024-09-16T12:01:00Z,"Good morning. You're reading the Up First newsletter. Subscribe here to get it delivered to your inbox, and listen to the Up First podcast for all the news you need to start your day.
Today's top st… [+6306 chars]"
"{'id': None, 'name': 'NPR'}",Brittney Melton,Complex political past of suspect in Trump's apparent 2nd assassination attempt,"Ryan Routh, the suspect in the Trump apparent assassination attempt, has a colored digital footprint. The former Trump supporter showed a strong interest in Ukraine. And, the battle of Fox News.",https://www.npr.org/2024/09/17/g-s1-23389/up-first-newsletter-ryan-routh-trump-apparent-assassination-attempt-rupert-murdoch-fox-news,https://npr.brightspotcdn.com/dims3/default/strip/false/crop/2499x1406+0+87/resize/1400/quality/100/format/jpeg/?url=http%3A%2F%2Fnpr-brightspot.s3.amazonaws.com%2F66%2F58%2F279ae4e94006a87cbc916abbbf23%2Fgettyimages-2171592164.jpg,2024-09-17T12:15:21Z,"Good morning. You're reading the Up First newsletter. Subscribe here to get it delivered to your inbox, and listen to the Up First podcast for all the news you need to start your day.
Today's top st… [+6475 chars]"
"{'id': None, 'name': 'Slashdot.org'}",msmash,Trump Hack Continued Into Last Week,"An anonymous reader shares a report: The alleged Iranian hack of Donald Trump's orbit continued at least until mid-September and may be ongoing, a document the hackers shared with a progressive publication reveals. Iranian authorities have denied any involvem…",https://news.slashdot.org/story/24/09/24/1610215/trump-hack-continued-into-last-week,https://a.fsdn.com/sd/topics/usa_64.png,2024-09-24T16:10:00Z,"The alleged Iranian hack of Donald Trump's orbit continued at least until mid-September and may be ongoing, a document the hackers shared with a progressive publication reveals. Iranian authorities h… [+850 chars]"
"{'id': 'business-insider', 'name': 'Business Insider'}",Brent D. Griffiths,All the signs Trump lost the debate,"By Wednesday morning, there were abundant signs that, frankly, Donald Trump lost his debate against Kamala Harris. It might not even have been close.",https://www.businessinsider.com/trump-lost-debate-polls-prediction-market-reaction-taylor-swift-rematch-2024-9,https://i.insider.com/66e1d2d3cfb7f307e5709086?width=1200&format=jpeg,2024-09-11T17:53:55Z,"Former President Donald Trump has repeatedly declared he won his debate against Vice President Kamala Harris, but even his reactions show he did not.Saul Loeb/AFP/Getty Images
It was a bad sign for … [+7525 chars]"
"{'id': 'business-insider', 'name': 'Business Insider'}",Alice Tecotzky,Where Harris is outspending Trump the most,"Harris is spending most in Pennsylvania and is fueled by huge fundraising numbers. At a Wall Street event on Sunday, she raised $27 million",https://www.businessinsider.com/kamala-harris-outspending-donald-trump-pennsylvania-wall-street-fundraiser-2024-9,https://i.insider.com/66f18be8ce3009a0fac87392?width=1200&format=jpeg,2024-09-23T15:54:46Z,"Harris raised a whopping $27 million at a Wall Street event, where she appealed to the AI and crypto community.Kevin Dietsch/Getty Images
<ul><li>Harris is outspending Trump by nearly $5 million eve… [+3483 chars]"
"{'id': None, 'name': 'Gizmodo.com'}",Lucas Ropek,Newsmax Settles with Smartmatic Over Voting Machine Defamation Claims,The two entities had been set to go to trial over the election vendor's grievance claims.,https://gizmodo.com/newsmax-settles-with-smartmatic-over-voting-machine-defamation-claims-2000504160,https://gizmodo.com/app/uploads/2024/09/Newsmax-booth-at-an-NRA-convention.jpg,2024-09-27T12:20:06Z,"Newsmax, the Trump-happy news broadcasting network accused of spreading the former President’s addled 2020 election conspiracy theories, has agreed to settle its defamation case with Smartmatic, one … [+2372 chars]"
"{'id': None, 'name': 'NPR'}",Luke Garrett,Third-party voters face a tough choice in a tight election,Single-issue voters dissatisfied with Trump and Harris consider third party candidates in tight election,https://www.npr.org/2024/09/22/nx-s1-5113108/third-party-voters,https://npr.brightspotcdn.com/dims3/default/strip/false/crop/4000x2250+0+2492/resize/1400/quality/100/format/jpeg/?url=http%3A%2F%2Fnpr-brightspot.s3.amazonaws.com%2Fc1%2F82%2Ff957e6fc48149999a6a4c968f310%2Fap24249590785200.jpg,2024-09-22T17:37:19Z,"Voters considering a third-party candidate face the same dilemma every presidential election cycle: should they vote their values and get behind a candidate who likely won't win, or settle and suppor… [+7630 chars]"
"{'id': None, 'name': '[Removed]'}",,[Removed],[Removed],https://removed.com,,2024-09-18T11:15:37Z,[Removed]
"{'id': 'business-insider', 'name': 'Business Insider'}",Brent D. Griffiths,Nikki Haley says Trump and Vance need to change how they speak about women: 'You don't need to call Kamala dumb',Nikki Haley says there's an easy way for Donald Trump to improve his standing among women.,https://www.businessinsider.com/nikki-haley-trump-vance-change-talk-women-kamala-harris-intelligence-2024-9,https://i.insider.com/66df322e83b8099cf9fcd94c?width=1200&format=jpeg,2024-09-09T18:07:03Z,"Former UN Ambassador Nikki Haley has endorsed former President Donald Trump, but conceded he is hurting his standing among women.John Lamparski/Getty Images
<ul><li>Nikki Haley gave Donald Trump som… [+3137 chars]"
"{'id': None, 'name': 'NPR'}",Ron Elving,Trump’s own version of reality continues to confound political actors and observers,"Far from being disqualifying, this feature of the Trump persona presents itself as part and parcel of his appeal.",https://www.npr.org/2024/09/13/nx-s1-5111649/trump-fact-check-reality,https://npr.brightspotcdn.com/dims3/default/strip/false/crop/3586x2017+0+0/resize/1400/quality/100/format/jpeg/?url=http%3A%2F%2Fnpr-brightspot.s3.amazonaws.com%2F5e%2F09%2F50bac2574715a7e6ea4a0658987d%2Fgettyimages-2171257456.jpg,2024-09-14T09:00:00Z,"Eight years ago this month, Donald Trump announced that he had personally laid to rest the controversy about President Obamas country of origin. He gave himself credit for clearing up any questions t… [+10314 chars]"
"{'id': None, 'name': 'NPR'}",Luke Garrett,"Gun shots fired near Trump at his Florida golf course, former president is 'safe'",The Secret Service and the Trump campaign say the former president is 'safe' following a shooting nearby in Florida.,https://www.npr.org/2024/09/15/g-s1-23117/gun-shots-fired-trump-florida-golf-course,https://npr.brightspotcdn.com/dims3/default/strip/false/crop/3807x2141+0+0/resize/1400/quality/100/format/jpeg/?url=http%3A%2F%2Fnpr-brightspot.s3.amazonaws.com%2Fdd%2F1f%2Fe24c2a764a8c8927ad563ee31d48%2Fap24258767849701.jpg,2024-09-15T19:58:48Z,"The U.S. Secret Service is responding to a shooting near former President Donald Trump who was at his golf course in West Palm Beach, Fla., Sunday afternoon, according to a Secret Service spokesman. … [+1361 chars]"
"{'id': None, 'name': 'NPR'}",Odette Yousef,"The U.S. has had a long history of political violence, but experts see a new trend",The apparent second assassination attempt of Donald Trump is stirring concern about growing political violence in the U.S.,https://www.npr.org/2024/09/17/nx-s1-5113997/political-violence-trump,https://npr.brightspotcdn.com/dims3/default/strip/false/crop/6000x3375+0+313/resize/1400/quality/100/format/jpeg/?url=http%3A%2F%2Fnpr-brightspot.s3.amazonaws.com%2Fe9%2F3b%2F109cb83548ac9bf0b1888cacf81e%2Fgettyimages-2171592879.jpg,2024-09-17T19:43:06Z,"Just days before the apparent second attempted assassination of Donald Trump, Colin Clarke gathered in New York with experts for a global summit on counterterrorism and political violence.
Clarke, d… [+7132 chars]"
"{'id': None, 'name': 'NPR'}",Ximena Bustillo,Trump gets criminal sentencing delayed till after presidential election,A New York judge agreed to delay the sentencing of former President Donald Trump in a criminal hush money case.,https://www.npr.org/2024/09/06/g-s1-21151/donald-trump-hush-money-sentencing-new-york,https://npr.brightspotcdn.com/dims3/default/strip/false/crop/6000x3375+0+0/resize/1400/quality/100/format/jpeg/?url=http%3A%2F%2Fnpr-brightspot.s3.amazonaws.com%2F0e%2F4d%2Fef35b77948b2821d022381b7ff67%2Fgettyimages-2155448226.jpg,2024-09-06T18:59:57Z,"A New York judge on Friday delayed the sentencing in a criminal case against former President Donald Trump in order to ensure the court is seen as politically impartial. 
Judge Juan Merchan set the … [+3682 chars]"
"{'id': 'business-insider', 'name': 'Business Insider'}",Nathan Rennolds,Trump calls Elon Musk by wrong name as his biographer says the candidate is 'hyper-aware' voters are doubting his mental acuity,"Former president Donald Trump referred to Elon Musk as ""Leon"" during a speech in Wisconsin on Saturday.",https://www.businessinsider.com/trump-calls-elon-musk-wrong-name-speeches-face-scrutiny-2024-9,https://i.insider.com/65f855dd3037f8e81751397b?width=1200&format=jpeg,2024-09-08T14:00:03Z,"Former President Trump at rally.Scott Olson/Getty Images
<ul><li>Donald Trump mistakenly called Elon Musk by the wrong name at a rally on Saturday.</li><li>The former president referred to the Space… [+3433 chars]"
"{'id': 'business-insider', 'name': 'Business Insider'}",Bryan Metzger,Peter Thiel predicts the 2024 election won't be close: 'One side is simply going to collapse',"The right-wing tech billionaire Peter Thiel said that the 'Kamala bubble' might burst, or Trump voters might become demotivated.",https://www.businessinsider.com/peter-thiel-2024-election-cheating-trump-vance-harris2024-9,https://i.insider.com/66e83729cfb7f307e571d1a1?width=1200&format=jpeg,2024-09-16T15:03:41Z,"The right-wing tech billionaire said that the 'Kamala bubble' might burst — or Trump voters might become demotivated.Nordin Catic/Getty Images for The Cambridge Union
<ul><li>Peter Thiel predicted t… [+2486 chars]"
"{'id': 'business-insider', 'name': 'Business Insider'}",Alice Tecotzky,Harris didn't miss a beat dropping ad dollars to link Trump and a scandalized NC Republican,"The ad includes clips of Trump praising Mark Robinson, who allegedly posted racist comments on a porn site.",https://www.businessinsider.com/kamala-harris-mark-robinson-donald-trump-advertisement-north-carolina-governor-2024-9,https://i.insider.com/66edb7a8ce3009a0fac82554?width=1200&format=jpeg,2024-09-20T19:36:33Z,"Trump has endorsed Robinson, whom he once compared to ""fine wine.""Chris Seward
<ul><li>Kamala Harris dropped a TV ad linking Trump with North Carolina governor candidate Mark Robinson.</li><li>Robin… [+3359 chars]"
"{'id': 'business-insider', 'name': 'Business Insider'}",Natalie Musumeci,Man suspected of apparent Trump assassination attempt wrote letter offering $150k to anyone who could 'finish the job',Ryan Wesley Routh was charged with gun crimes after the apparent assassination attempt of former President Donald Trump.,https://www.businessinsider.com/suspect-apparent-trump-assassination-attempt-wrote-letter-2024-9,https://i.insider.com/66f16caece3009a0fac86196?width=1200&format=jpeg,2024-09-23T13:48:32Z,"Photos of a rifle, a backpack, and a GoPro camera on a fence outside Trump International Golf Club taken after an apparent assassination attempt on former President Donald Trump.AP Photo/Stephany Mat… [+1294 chars]"
"{'id': 'business-insider', 'name': 'Business Insider'}","Kwan Wei Kevin Tan,Joshua Nelken-Zitser",What you need to know about Kamala Harris' 'opportunity economy',"Harris touted her plan to build an ""Opportunity Economy"" during her first presidential debate with Donald Trump.",https://www.businessinsider.com/what-you-need-to-know-about-kamala-harris-opportunity-economy-2024-9,https://i.insider.com/66e15ad95444ffafa7644db5?width=1200&format=jpeg,2024-09-11T14:09:25Z,"""I believe in the ambition, the aspirations, the dreams of the American people. And that is why I imagine and have actually a plan to build what I call an Opportunity Economy,"" Vice President Kamala … [+6580 chars]"
"{'id': 'business-insider', 'name': 'Business Insider'}","Alice Tecotzky,Geoff Weiss",The Trump campaign is ripping off Taylor Swift's merch with new 'Era' T-shirt drop,"After Taylor Swift endorsed Kamala Harris, Trump world mobilized against her — now, their ire is immortalized in merchandise.",https://www.businessinsider.com/trump-taylor-swift-merch-era-tshirt-endorse-harris-2024-9,https://i.insider.com/66e35103bf0250c214930746?width=1200&format=jpeg,2024-09-12T20:55:31Z,"The Trump campaign is selling Swift-inspired merch after she endorsed Harris for president.Jean Catuffe/Getty Images
<ul><li>Donald Trump is selling Taylor Swift-inspired merchandise.</li><li>The ne… [+2102 chars]"
"{'id': 'business-insider', 'name': 'Business Insider'}",Kwan Wei Kevin Tan,Patrick Mahomes says he won't endorse Trump or Harris,"Trump called Mahomes' wife Brittany a ""big MAGA fan,"" and said he preferred her to Taylor Swift.",https://www.businessinsider.com/patrick-mahomes-not-endorsing-trump-or-harris-2024-9,https://i.insider.com/66e2541dcfb7f307e570bd47?width=1200&format=jpeg,2024-09-12T05:49:15Z,"""I don't want my place and my platform to be used to endorse a candidate or do whatever, either way,"" Patrick Mahomes said on Wednesday.Spencer Platt via Getty Images; Kevin Sabitus via Getty Images;… [+3350 chars]"
"{'id': 'business-insider', 'name': 'Business Insider'}","Jacob Shamsian,Laura Italiano",Trump airplane-assault accuser Jessica Leeds calls him a 'sexual predator' and says she's deciding whether to sue,Jessica Leeds testified that Donald Trump groped her on an airplane in testimony for E. Jean Carroll's sexual abuse trial.,https://www.businessinsider.com/trump-accuser-jessica-leeds-weighs-defamation-lawsuit-plane-grope-2024-9,https://i.insider.com/66df1dbc83b8099cf9fcc745?width=1200&format=jpeg,2024-09-09T21:25:20Z,"Jessica Leeds and Donald Trump.AP Photo/Seth Wenig, Jeff J Mitchell/Getty Images
<ul><li>Trump accuser Jessica Leeds told reporters at Trump Tower Monday that ""he's a sexual predator.""</li><li>Her r… [+4787 chars]"
"{'id': None, 'name': 'NPR'}",Maria Aspan,Truth Social reaches a tricky milestone. Will Donald Trump cash out his stake?,"Trump can now start selling his majority stake in the Truth Social parent company, as a lockup on insider sales expires. But that could tank the price of the stock.",https://www.npr.org/2024/09/18/nx-s1-5117429/trump-media-truth-social-tricky-business-milestone-shares-sale-djt,https://npr.brightspotcdn.com/dims3/default/strip/false/crop/6000x3375+0+313/resize/1400/quality/100/format/jpeg/?url=http%3A%2F%2Fnpr-brightspot.s3.amazonaws.com%2F19%2F9d%2Fd8f405fb4c8380bfb89e031203e9%2Fgettyimages-2173005326.jpg,2024-09-19T09:21:53Z,"Trump Media's future is becoming even more uncertain.
The parent company of Truth Social, the social media company majority-owned by former president Donald Trump, is turning a complicated corner on… [+2906 chars]"
"{'id': None, 'name': 'NPR'}",Maria Aspan,"Wall Street investors think Trump lost the debate, too",Shares in former President Trump’s company plunged the day after his debate with Vice President Harris.,https://www.npr.org/2024/09/11/nx-s1-5108849/wall-street-investors-think-trump-lost-the-debate-too,https://npr.brightspotcdn.com/dims3/default/strip/false/crop/5568x3132+0+290/resize/1400/quality/100/format/jpeg/?url=http%3A%2F%2Fnpr-brightspot.s3.amazonaws.com%2F22%2F39%2F299b1e534af1aa08e0b66384f9b7%2Fgettyimages-2170591870.jpg,2024-09-11T19:07:36Z,"Even some of former President Donald Trumps most ardent supporters seem worried he lost Tuesdays debate with Vice President Kamala Harris.
Shares in Trump Media &amp; Technology Group, the parent co… [+1685 chars]"
"{'id': 'business-insider', 'name': 'Business Insider'}",Geoff Weiss,What Trump and Harris were saying when the mics were off,"Most of the off-mic instances noted by pool reporters came from Harris — with Trump even using her infamous ""I'm speaking"" line against her.",https://www.businessinsider.com/trump-harris-debate-mics-off-transcript-2024-9,https://i.insider.com/66e1abbfa0ff598b26667a98?width=1200&format=jpeg,2024-09-11T15:33:46Z,"A small group of pool reporters was permitted to attend the audience-less debate. Here's what they heard.Kevin Dietsch/Getty Images
<ul><li>Harris and Trump fought over whether to mute mics ahead of… [+3011 chars]"
"{'id': 'business-insider', 'name': 'Business Insider'}",Kwan Wei Kevin Tan,"The Harris campaign, coming off the high of a big debate night, wants round two with Trump","""Vice President Harris is ready for a second debate. Is Donald Trump?"" Harris campaign chair Jen O'Malley Dillon said shortly after the first debate.",https://www.businessinsider.com/harris-campaign-wants-second-debate-with-donald-trump-2024-9,https://i.insider.com/66e10d29a0ff598b26666b6c?width=1200&format=jpeg,2024-09-11T04:19:51Z,"""Vice President Harris is ready for a second debate. Is Donald Trump?"" Harris campaign chair Jen O'Malley Dillon said in a statement on Tuesday night.Win McNamee via Getty Images
<ul><li>Kamala Harr… [+1819 chars]"
"{'id': 'business-insider', 'name': 'Business Insider'}",Bryan Metzger,Trump says he won't debate Kamala Harris again,Trump's declaration came days after the Harris campaign challenged him to a second debate before the election.,https://www.businessinsider.com/trump-says-he-wont-debate-kamala-harris-again-2024-9,https://i.insider.com/66e3488bd17aa3c7b2b23600?width=1200&format=jpeg,2024-09-12T20:20:05Z,"Trump declared that there ""WILL BE NO THIRD DEBATE"" in a post on Thursday.Chip Somodevilla/Getty Images
<ul><li>Donald Trump said on Thursday that he would not agree to another debate with Kamala Ha… [+1512 chars]"
"{'id': 'business-insider', 'name': 'Business Insider'}",Bryan Metzger,Why these 7 Republican senators still aren't endorsing Trump,,https://www.businessinsider.com/which-republican-senators-havent-endorsed-donald-trump-2024-9,https://i.insider.com/66e331f5cfb7f307e5710e62?width=1200&format=jpeg,2024-09-15T11:09:02Z,"Sens. Lisa Murkowski, Bill Cassidy, Susan Collins, and Mitt Romney are among the Republican senators who haven't endorsed Trump.Drew Angerer/Getty Images
<ul><li>Several GOP senators have not endors… [+6311 chars]"
"{'id': 'business-insider', 'name': 'Business Insider'}",Kwan Wei Kevin Tan,Elon Musk says Donald Trump should go for round two and debate Kamala Harris again,"The Harris campaign called for a second debate shortly after the first one. Trump, however, has been non-committal thus far.",https://www.businessinsider.com/elon-musk-trump-go-for-round-two-debate-harris-again-2024-9,https://i.insider.com/66e2531dd17aa3c7b2b1cd97?width=1200&format=jpeg,2024-09-12T03:42:59Z,"""Excellent, a second debate would be great,"" Elon Musk wrote in an X post on Wednesday.Michael M. Santiago via Getty Images; Jared Siskin/Patrick McMullan via Getty Images; Win McNamee via Getty Imag… [+2100 chars]"
"{'id': None, 'name': 'Gizmodo.com'}",Matthew Gault,The Confusing and Extremely Online Politics of Zyn Nicotine Pouches,The nicotine pouches have been a conservative darling but now their biggest fan is trying to turn the right against them. Will it work?,https://gizmodo.com/the-confusing-and-extremely-online-politics-of-zyn-nicotine-pouches-2000501419,https://gizmodo.com/app/uploads/2024/09/ZynPouches.jpg,2024-09-21T11:00:28Z,Tucker Carlson used to love Zyn nicotine pouches. Now he hates them so much hes started his own brand and conservative weirdos online are calling for a boycott. Its a stunning turnaround for the nico… [+5191 chars]
"{'id': None, 'name': 'NPR'}",Danielle Kurtzleben,Why Trump and Vance are turning to dude influencers for an edge over Harris,Donald Trump has spent the last several months speaking with popular male influencers and podcasters like Logan Paul and Theo Von. The appearances are part of a strategy to turn out young men.,https://www.npr.org/2024/09/24/g-s1-23911/donald-trump-jd-vance-influencers-logan-paul-theo-von,https://npr.brightspotcdn.com/dims3/default/strip/false/crop/1634x919+91+0/resize/1400/quality/100/format/png/?url=http%3A%2F%2Fnpr-brightspot.s3.amazonaws.com%2F9e%2F3e%2F08a9e17f437b83cb09129ec42088%2Ftrump-ross-2.png,2024-09-24T13:37:13Z,"In June, the Trump campaign posted a TikTok of the former president with influencer Logan Paul. The two stood glaring at each other, their noses inches apart.
And then something rare happened: Trump… [+5014 chars]"
"{'id': 'ars-technica', 'name': 'Ars Technica'}",Nate Anderson,"FBI: After dad allegedly tried to shoot Trump, son arrested for child porn","""Hundreds"" of files found on SD card, FBI agent says.",https://arstechnica.com/culture/2024/09/son-of-would-be-trump-assassin-arrested-on-child-porn-charges/,https://cdn.arstechnica.net/wp-content/uploads/2024/09/GettyImages-459908461-760x380.jpg,2024-09-24T18:53:21Z,"17
Oran Routh has had an eventful few weeks.
In August, he moved into a two-bed, two-bath rental unit on the second floor of a building in Greensboro, North Carolina.
On September 15, his father, … [+1682 chars]"
"{'id': None, 'name': 'Gizmodo.com'}",Lucas Ropek,Newsmax Settles with Smartmatic Over Defamation Claims,The two entities had been set to go to trial over the election vendor's grievance claims.,https://gizmodo.com/newsmax-settles-with-smartmatic-over-defamation-claims-2000504160,https://gizmodo.com/app/uploads/2024/09/Newsmax-booth-at-an-NRA-convention.jpg,2024-09-27T12:20:06Z,"Newsmax, the Trump-happy news broadcasting network accused of spreading the former President’s addled 2020 election conspiracy theories, has agreed to settle its defamation case with Smartmatic, one … [+3384 chars]"
"{'id': None, 'name': 'Gizmodo.com'}",Lucas Ropek,Elon Musk Is Getting Better at the Whole Oligarchy Thing,A new report shows the tech billionaire recently bankrolled an effort to unseat a liberal district attorney in Texas.,https://gizmodo.com/elon-musk-is-getting-better-and-better-at-the-whole-oligarchy-thing-2000498636,https://gizmodo.com/app/uploads/2024/09/Elon-Musk-at-the-U.S.-Open.jpg,2024-09-13T19:40:47Z,"Elon Musk has been monkeying around with the U.S. political system with increasing regularity. Another example of this unfortunate trend presented itself this week, with the Wall Street Journal repor… [+3716 chars]"
"{'id': None, 'name': 'Gizmodo.com'}",Matt Novak,Hackers Threaten to Release Stolen Data From Planned Parenthood of Montana,The hack comes after abortion rights advocates in Montana secured enough signatures to put the issue on the ballot in November.,https://gizmodo.com/hackers-threaten-to-release-stolen-data-from-planned-parenthood-of-montana-2000495211,https://gizmodo.com/app/uploads/2024/09/planned-parenthood-getty.jpg,2024-09-05T17:30:37Z,"Planned Parenthood of Montana announced on Wednesday a “cybersecurity incident” that was first identified on August 28, according to a new report from Cyberscoop. The healthcare organization had roug… [+3385 chars]"
"{'id': None, 'name': 'Gizmodo.com'}",Matt Novak,Cards Against Humanity Sues Elon Musk’s SpaceX for Trespassing in Troll-Filled Lawsuit,Cards Against Humanity originally purchased the property in 2017 to protect it from Donald Trump's border wall.,https://gizmodo.com/cards-against-humanity-sues-elon-musks-spacex-for-trespassing-in-troll-filled-lawsuit-2000501664,https://gizmodo.com/app/uploads/2024/09/cards-against-humanity.jpg,2024-09-21T12:00:24Z,"The company behind the hit game Cards Against Humanity has filed a lawsuit against Elon Musk’s SpaceX in Texas over alleged trespassing, according to a website set up by the company. SpaceX has been … [+2809 chars]"
"{'id': 'business-insider', 'name': 'Business Insider'}","Cheryl Teh,Kwan Wei Kevin Tan",Elon Musk says Kamala Harris 'exceeded most people's expectations' in the debate but still thinks Trump will 'do a far better job',"""That said, when it comes to getting things done, not just saying nice-sounding words, I strongly believe that Trump will do a far better job,"" Musk wrote.",https://www.businessinsider.com/elon-musk-kamala-harris-exceeded-expectations-debate-versus-trump-2024-9,https://i.insider.com/66e13619a0ff598b26666d73?width=1200&format=jpeg,2024-09-11T07:42:38Z,"Elon Musk says Kamala Harris ""exceeded most people's expectations"" during the ABC presidential debate — but he's still going to back Trump.Jeff Kowalsky/AFP via Getty Images; Jared Siskin/Patrick McM… [+2949 chars]"
"{'id': 'business-insider', 'name': 'Business Insider'}",Katie Balevic,Elon Musk's pro-Trump super PAC is running ads targeting young men who don't vote,"Elon Musk's Trump-supporting super PAC is turning its attention to young men, who turn out to vote less than young women.",https://www.businessinsider.com/elon-musk-trump-america-pac-targets-young-men-vote-2024-9,https://i.insider.com/66f86f297518aa57bc9f06ac?width=1200&format=jpeg,2024-09-29T10:19:02Z,"Elon Musk endorsed former President Donald Trump in July. Steve Granitz/FilmMagic via Getty Images
<ul><li>Elon Musk's super PAC is trying to get young men to vote for Donald Trump.</li><li>Ads by t… [+2413 chars]"
"{'id': 'business-insider', 'name': 'Business Insider'}",Bryan Metzger,Trump says Mark Zuckerberg told him there's 'no way I can vote for a Democrat' after the assassination attempt,"A spokesman for Meta said that Zuckerberg has ""not communicated to anybody how he intends to vote"" and will not endorse either candidate.",https://www.businessinsider.com/donald-trump-mark-zuckerberg-democrat-assassination-meta-2024-9,https://i.insider.com/66df09a75444ffafa7639a98?width=1200&format=jpeg,2024-09-09T15:03:55Z,"A spokesman for Meta said that Zuckerberg has ""not communicated to anybody how he intends to vote"" and will not endorse Trump or Harris.Emily Elconin and Alex Wong/Getty Images
<ul><li>Trump claims … [+2212 chars]"
"{'id': 'business-insider', 'name': 'Business Insider'}",Aditi Bharade,Trump says he won't run for the presidency again if he loses in November,"Donald Trump, the oldest presidential nominee in US history, now says that he will not run again in 2028 if he loses the election in November.",https://www.businessinsider.com/trump-wont-run-for-presidency-again-if-loses-in-november-2024-9,https://i.insider.com/66f0ceffcfb7f307e573c7a8?width=1200&format=jpeg,2024-09-23T05:34:19Z,"Former President Donald Trump.Kevin Dietsch/Getty Images
<ul><li>Donald Trump says November will be his last election bid and that he will not run again in 2028.</li><li>""Hopefully, we're going to b… [+2272 chars]"
"{'id': None, 'name': 'Daily Beast'}",Matt Young,‘Trump Is a Scab’: Harris Campaign Fumes Over Trump’s Wild Anti-Overtime Rant,Former president Donald Trump openly admitted that he “hated” to pay his workers overtime at the Trump organization and would even replace those who spoke...,https://www.thedailybeast.com/trump-is-a-scab-harris-campaign-fumes-over-trumps-wild-anti-overtime-rant,https://media.zenfs.com/en/thedailybeast.com/4165c91f2edc403e84e5e6dcb59edb55,2024-09-30T00:01:59Z,Former president Donald Trump openly admitted that he hated to pay his workers overtime at the Trump organization and would even replace those who spoke out about itcomments the Harris campaign immed… [+3595 chars]
"{'id': None, 'name': 'NPR'}",Stephen Fowler,Conflicting messages from Trump and his campaign highlighted in Arlington incident,"NPR identified two Trump staffers involved in an altercation at Arlington National Cemetery including a deputy campaign manager, highlighting a disconnect between Trump's messaging and his campaign.",https://www.npr.org/2024/09/05/nx-s1-5101991/trump-campaign-arlington-national-cemetery-staff-debate,https://npr.brightspotcdn.com/dims3/default/strip/false/crop/5790x3257+0+302/resize/1400/quality/100/format/jpeg/?url=http%3A%2F%2Fnpr-brightspot.s3.amazonaws.com%2F3c%2F2d%2Ff0534c444967ac806aaa4b6c4b86%2Fgettyimages-2168643368.jpg,2024-09-05T22:47:05Z,"One of two staffers involved in the altercation at Arlington National Cemetery is a deputy campaign manager for Donald Trumps reelection bid, NPR has learned. The former president insisted this week … [+8559 chars]"
"{'id': None, 'name': 'NPR'}",Brittney Melton,"Harris and Trump’s post-debate plans. And, why climate change puts chocolate at risk","Former President Donald Trump and Vice President Harris are campaigning in swing states heavily post their first presidential debate. And, why climate change could put chocolate in danger.",https://www.npr.org/2024/09/13/g-s1-22506/up-first-newsletter-harris-trump-campaign-swing-states-climate-change-chocolate,https://npr.brightspotcdn.com/dims3/default/strip/false/crop/5931x3336+0+618/resize/1400/quality/100/format/jpeg/?url=http%3A%2F%2Fnpr-brightspot.s3.amazonaws.com%2F5f%2F3a%2Fb3fee7e34a13844067749c4fffad%2F090624-harris-surrogates-133.JPG,2024-09-13T12:05:15Z,"Good morning. You're reading the Up First newsletter. Subscribe here to get it delivered to your inbox, and listen to the Up First podcast for all the news you need to start your day.
Today's top st… [+6113 chars]"
"{'id': None, 'name': 'NPR'}",Megan Pratz,"In interview on X, Trump addresses apparent assassination attempt for the first time",Former President Donald Trump spoke for the first time about the apparent assassination attempt on him Sunday at his golf course and talking to President Biden on Monday.,https://www.npr.org/2024/09/16/nx-s1-5115024/x-interview-trump-assassination-attempt-election,https://npr.brightspotcdn.com/dims3/default/strip/false/crop/5039x2834+0+440/resize/1400/quality/100/format/jpeg/?url=http%3A%2F%2Fnpr-brightspot.s3.amazonaws.com%2Fcc%2F40%2F145eee5c4a3d80ff8522b4fca9b6%2Fgettyimages-2171858505.jpg,2024-09-17T02:11:33Z,"In an interview on the social media platform X, former President Donald Trump spoke publicly for the first time about the apparent attempted assassination the U.S. Secret Service thwarted on Sunday.… [+2156 chars]"
"{'id': None, 'name': 'NPR'}",Claudia Grisales,Speaker Johnson announces plan to keep the government funded until Dec. 20,"The measure does not include any part of the SAVE Act, the election security proposal backed by former President Donald Trump.",https://www.npr.org/2024/09/22/nx-s1-5122524/house-government-funding,https://npr.brightspotcdn.com/dims3/default/strip/false/crop/1024x576+0+54/resize/1400/quality/100/format/jpeg/?url=http%3A%2F%2Fnpr-brightspot.s3.amazonaws.com%2F48%2Fc5%2Ff3f0ae44417fa426781f6cd99665%2Fgettyimages-1756564693.jpg,2024-09-22T21:59:36Z,"House Speaker Mike Johnson announced a temporary agreement that would keep the government funded until Dec. 20.
The measure does not include any part of the SAVE Act, the election security proposal … [+1228 chars]"
"{'id': None, 'name': 'NPR'}",Sarah McCammon,Trump tells Jewish voters they have 'no excuse' for supporting Harris,"In a speech to the Israeli-American Council, Trump described himself as Israel's ""protector"" and warned Jewish voters against voting for Vice President Harris.",https://www.npr.org/2024/09/20/g-s1-23859/trump-jewish-voters-israel-election-2024,https://npr.brightspotcdn.com/dims3/default/strip/false/crop/5792x3258+0+301/resize/1400/quality/100/format/jpeg/?url=http%3A%2F%2Fnpr-brightspot.s3.amazonaws.com%2F30%2Faf%2F3bc4b2374dbb92fa3ac60a7d10ab%2Fgettyimages-2173232920.jpg,2024-09-20T15:02:25Z,"Former President Donald Trump is casting himself as Israels ""protector"" and warning Jewish voters against supporting his rival, Vice President Harris.
Trump addressed the Israeli-American Council su… [+1392 chars]"
"{'id': None, 'name': 'NPR'}",Greg Allen,Florida wants to take the lead on Ryan Routh’s prosecution in Trump golf incident,Florida is conducting its own investigation into the apparent assassination attempt on former President Donald Trump. Republican Gov. Ron DeSantis says the state’s case should take precedence.,https://www.npr.org/2024/09/17/g-s1-23430/florida-prosecution-ryan-routh-trump,https://npr.brightspotcdn.com/dims3/default/strip/false/crop/6000x3375+0+0/resize/1400/quality/100/format/jpeg/?url=http%3A%2F%2Fnpr-brightspot.s3.amazonaws.com%2F07%2Ffb%2Fd294e8b94d50b5ab1ac38a0f63d1%2Fgettyimages-2172607659.jpg,2024-09-17T17:05:23Z,"WEST PALM BEACH, Fla. Florida is conducting its own investigation of the man arrested for an apparent assassination attempt on former President Donald Trump. Republican Gov. Ron DeSantis says he beli… [+2720 chars]"
"{'id': None, 'name': 'NPR'}",Carrie Johnson,"Trump campaign hack traced to three Iranians seeking to disrupt election, DOJ says",The Justice Department unveiled criminal charges against three Iranian hackers who allegedly compromised Trump campaign accounts and sought to erode confidence in the U.S. election.,https://www.npr.org/2024/09/27/g-s1-25020/trump-campaign-hack-iran-election,https://npr.brightspotcdn.com/dims3/default/strip/false/crop/7051x3966+0+188/resize/1400/quality/100/format/jpeg/?url=http%3A%2F%2Fnpr-brightspot.s3.amazonaws.com%2Feb%2F4a%2F2c349b3b49daaae1fd538af95c40%2Fgettyimages-1246592985.jpg,2024-09-27T17:50:50Z,The Justice Department on Friday unveiled criminal charges against three Iranian hackers employed by Iran's Revolutionary Guard Corp. for targeting and compromising the electronic accounts of Trump c… [+1879 chars]
